feature,gain_importance
drug_morgan_1502,1877.49462890625
drug_morgan_1799,878.2807006835938
drug_desc_hba,849.0678100585938
drug_morgan_1292,831.7772216796875
drug_morgan_1440,516.176025390625
drug_morgan_0787,460.7150573730469
drug_morgan_1724,447.8064270019531
drug_morgan_1221,434.0353698730469
drug_morgan_0722,428.771240234375
drug_morgan_1083,423.9254150390625
drug_morgan_0679,411.8167724609375
drug_morgan_1066,385.0144348144531
drug_morgan_0878,374.7271728515625
drug_morgan_0314,354.7058410644531
drug_morgan_0133,353.64990234375
drug_morgan_1139,351.705810546875
drug_morgan_2028,350.5413513183594
drug_morgan_1099,321.04632568359375
drug_morgan_1745,307.4136047363281
drug_desc_heavy_atoms,286.4978942871094
drug_morgan_1181,249.3564910888672
drug_morgan_0694,246.9901885986328
pathway__HALLMARK_ADIPOGENESIS,238.36489868164062
drug_morgan_1125,214.19384765625
drug_morgan_0623,205.1824951171875
drug_morgan_0713,201.1053466796875
drug_morgan_1386,199.0135955810547
drug_morgan_1910,197.3316650390625
drug_morgan_0350,195.70098876953125
drug_morgan_0865,195.01626586914062
drug_morgan_1729,187.6377410888672
drug_morgan_0323,179.38755798339844
drug_desc_mol_wt,176.21885681152344
drug_morgan_2009,175.25714111328125
drug_morgan_1750,172.0897674560547
drug_morgan_0499,167.5050048828125
drug_morgan_1017,165.61029052734375
drug_morgan_0126,163.20480346679688
drug_morgan_1240,160.58364868164062
drug_morgan_1565,152.18507385253906
drug_morgan_0331,151.791015625
target_overlap_down_ratio,146.54783630371094
drug_morgan_1135,145.8593292236328
drug_morgan_1114,144.99110412597656
drug_desc_hbd,143.3350067138672
drug_morgan_0092,141.61434936523438
drug_morgan_0875,137.0019989013672
drug_morgan_1199,133.39100646972656
drug_morgan_1028,131.28973388671875
drug_morgan_0638,130.3946533203125
drug_morgan_0084,130.36834716796875
drug_morgan_0036,127.95266723632812
drug_morgan_1487,114.10311126708984
drug_morgan_1452,113.94766998291016
drug_morgan_1575,110.93830108642578
drug_morgan_0267,107.4447250366211
drug_morgan_1154,101.43428039550781
drug_morgan_0031,98.27132415771484
drug_morgan_0281,95.53517150878906
drug_morgan_1866,94.63220977783203
drug_morgan_0202,93.5326156616211
drug_desc_tpsa,93.0583724975586
drug_morgan_0033,92.43740844726562
drug_morgan_1369,90.3709945678711
drug_morgan_0309,90.15164184570312
drug_morgan_0448,89.95025634765625
drug_morgan_0702,84.46922302246094
drug_morgan_0389,84.38563537597656
drug_morgan_1370,82.90966796875
drug_morgan_0652,82.85694122314453
drug_morgan_0674,82.33170318603516
drug_morgan_1754,82.28762817382812
drug_desc_logp,82.27664184570312
drug_morgan_0227,82.0664291381836
pathway__HALLMARK_COAGULATION,81.48652648925781
drug_morgan_1234,80.93789672851562
drug_morgan_0441,76.34848022460938
drug_morgan_1274,75.66082000732422
pathway__HALLMARK_REACTIVE_OXYGEN_SPECIES_PATHWAY,74.17124938964844
drug_morgan_0834,72.8264389038086
drug_desc_rot_bonds,72.44485473632812
drug_morgan_1045,72.02837371826172
drug_morgan_1792,71.86398315429688
drug_morgan_1607,71.67008972167969
drug_morgan_0152,71.46073913574219
drug_morgan_0991,71.09391784667969
drug_morgan_1270,70.78211212158203
drug_morgan_0714,69.95541381835938
drug_morgan_1019,69.53739929199219
drug_morgan_0322,69.09429931640625
drug_morgan_0934,66.65662384033203
drug_morgan_0131,65.0379409790039
drug_morgan_0115,64.90043640136719
drug_morgan_0191,64.43446350097656
drug_morgan_0062,64.38102722167969
drug_morgan_0339,63.79054641723633
drug_morgan_0037,63.0464973449707
drug_morgan_1603,62.726829528808594
drug_morgan_1382,61.989593505859375
drug_morgan_0847,61.20087432861328
drug_morgan_0363,61.08418655395508
drug_morgan_0407,60.6627311706543
drug_morgan_0402,59.587646484375
drug_morgan_0252,59.4576416015625
drug_morgan_0198,59.33184814453125
drug_morgan_1435,57.35358428955078
drug_morgan_1967,56.26966857910156
drug_morgan_1616,56.0661735534668
drug_morgan_1277,54.91196823120117
drug_morgan_1838,54.45998001098633
drug_morgan_0759,54.36188888549805
pathway__HALLMARK_KRAS_SIGNALING_DN,53.808380126953125
target_gene_count,52.74443435668945
drug_morgan_0695,52.66912841796875
drug_morgan_0944,52.49812698364258
drug_morgan_0130,52.23516082763672
drug_morgan_1044,51.7286491394043
drug_morgan_1233,51.224632263183594
drug_morgan_0708,49.76490783691406
drug_morgan_1267,48.6888313293457
drug_morgan_1696,48.105224609375
drug_morgan_1883,47.83213424682617
drug_morgan_0807,47.687068939208984
drug_morgan_1145,47.56324005126953
drug_morgan_0006,46.400089263916016
drug_morgan_0911,45.92462158203125
drug_morgan_0002,44.6536865234375
drug_morgan_2033,44.549217224121094
drug_morgan_1535,44.05131530761719
drug_morgan_0149,43.49753952026367
drug_morgan_1861,43.49273681640625
drug_morgan_1171,42.63242721557617
drug_morgan_1147,41.59443664550781
drug_morgan_0656,41.120662689208984
drug_morgan_0054,41.06283950805664
drug_morgan_0175,40.5276985168457
drug_morgan_1025,40.38809585571289
drug_morgan_0134,40.04939270019531
drug_morgan_1934,39.29576873779297
pathway__HALLMARK_KRAS_SIGNALING_UP,39.0188102722168
drug_morgan_1453,38.691184997558594
drug_morgan_0424,38.21673583984375
drug_morgan_0594,38.21397018432617
drug_morgan_0203,38.159122467041016
drug_morgan_0121,36.736236572265625
drug_morgan_0680,36.66407012939453
drug_morgan_2041,36.56311798095703
pathway__HALLMARK_HEDGEHOG_SIGNALING,36.4398307800293
drug_morgan_1398,36.34659194946289
drug_has_valid_smiles,35.87540817260742
drug_morgan_1325,34.71303176879883
drug_morgan_0352,34.31137466430664
drug_morgan_1095,34.28158950805664
drug_morgan_1906,33.70872116088867
drug_morgan_1122,33.57646179199219
drug_morgan_1380,33.358970642089844
drug_morgan_0703,33.04066848754883
drug_morgan_0841,32.579166412353516
drug_morgan_0624,32.3818244934082
drug_morgan_0095,32.379539489746094
drug_morgan_1366,32.3473014831543
drug_morgan_1576,32.19976806640625
target_expr_mean,31.960662841796875
pathway__HALLMARK_ANDROGEN_RESPONSE,31.90959358215332
drug_morgan_0068,31.78168487548828
drug_morgan_0065,31.516326904296875
drug_morgan_1385,31.22505760192871
drug_morgan_0935,30.819412231445312
drug_morgan_0601,30.503488540649414
drug_morgan_0319,30.377735137939453
drug_morgan_1993,30.32398796081543
drug_morgan_1143,30.300840377807617
drug_morgan_0612,30.219552993774414
drug_morgan_0007,29.540803909301758
drug_morgan_1557,29.038484573364258
drug_morgan_1567,28.877988815307617
drug_morgan_1055,28.629817962646484
drug_morgan_1279,28.476747512817383
drug_morgan_0271,28.00714111328125
drug_morgan_1105,27.80266571044922
drug_desc_frac_csp3,27.731801986694336
drug_morgan_0728,27.717241287231445
drug_morgan_1301,27.64006233215332
drug_morgan_1032,27.59019660949707
drug_desc_ring_count,27.526790618896484
drug_morgan_0843,27.047731399536133
drug_morgan_0485,26.935895919799805
drug_morgan_1657,26.52792739868164
target_gene_coverage_ratio,26.29071617126465
drug_morgan_0715,25.977447509765625
drug_morgan_0689,25.5677490234375
drug_morgan_0412,25.53260040283203
drug_morgan_1308,25.45868492126465
drug_morgan_0004,25.287616729736328
drug_morgan_1628,25.09524154663086
drug_morgan_0927,25.072528839111328
drug_morgan_0107,24.807384490966797
drug_morgan_1413,24.553787231445312
drug_morgan_0011,24.404199600219727
drug_morgan_0141,24.34047508239746
drug_morgan_0041,23.9460391998291
drug_morgan_0899,23.749088287353516
drug_morgan_0645,23.558269500732422
drug_morgan_0110,23.485549926757812
drug_morgan_0231,23.394641876220703
drug_morgan_1422,23.36879539489746
drug_morgan_1769,23.213706970214844
drug_morgan_0932,23.077051162719727
drug_morgan_0771,23.038326263427734
drug_morgan_1478,22.937868118286133
drug_morgan_0561,22.890975952148438
drug_morgan_1959,22.843765258789062
drug_morgan_1411,22.586563110351562
pathway__HALLMARK_OXIDATIVE_PHOSPHORYLATION,22.356945037841797
drug_morgan_1508,22.313323974609375
drug_morgan_0289,22.11126708984375
pathway__HALLMARK_E2F_TARGETS,21.985960006713867
drug_morgan_1631,21.697288513183594
drug_morgan_1282,21.634735107421875
drug_morgan_0955,21.452308654785156
pathway__HALLMARK_EPITHELIAL_MESENCHYMAL_TRANSITION,21.398767471313477
drug_morgan_0673,21.395305633544922
drug_morgan_0597,21.389339447021484
drug_morgan_1499,21.27475357055664
drug_morgan_1501,21.242855072021484
drug_morgan_0080,21.08180046081543
drug_morgan_1313,21.045560836791992
drug_morgan_0551,21.0187931060791
drug_morgan_0558,20.978240966796875
drug_morgan_0105,20.975830078125
drug_morgan_1163,20.87424659729004
drug_morgan_1911,20.060527801513672
drug_morgan_1471,20.02716636657715
drug_morgan_1671,19.99994659423828
drug_morgan_1560,19.9244384765625
drug_morgan_1496,19.66200828552246
pathway__HALLMARK_WNT_BETA_CATENIN_SIGNALING,19.447446823120117
drug_morgan_0381,19.10555648803711
drug_morgan_0193,19.044063568115234
drug_morgan_0419,18.557640075683594
drug_morgan_1261,18.417112350463867
drug_morgan_1722,18.24502944946289
drug_morgan_0800,17.82660484313965
drug_morgan_0644,17.782556533813477
drug_morgan_1050,17.70923614501953
pathway__HALLMARK_FATTY_ACID_METABOLISM,17.660688400268555
drug_morgan_0892,17.527080535888672
drug_morgan_0580,17.488204956054688
drug_morgan_1859,17.451377868652344
drug_morgan_0430,17.422504425048828
drug_morgan_1349,17.347925186157227
drug_morgan_0108,17.29896354675293
drug_morgan_0116,17.268892288208008
drug_morgan_1357,17.21439552307129
drug_morgan_1524,17.17601776123047
drug_morgan_1877,17.08962059020996
drug_morgan_1982,16.98734474182129
drug_morgan_0650,16.943004608154297
drug_morgan_0699,16.88976287841797
pathway__HALLMARK_PI3K_AKT_MTOR_SIGNALING,16.880470275878906
drug_morgan_0001,16.799955368041992
drug_morgan_0005,16.704315185546875
drug_morgan_1014,16.681737899780273
drug_morgan_0079,16.62429428100586
drug_morgan_0940,16.60536766052246
drug_morgan_1569,16.54733657836914
drug_morgan_0747,16.53795623779297
drug_morgan_0184,16.30377960205078
drug_morgan_1991,16.019535064697266
drug_morgan_0246,15.992185592651367
drug_morgan_1173,15.907269477844238
drug_morgan_0446,15.841482162475586
pathway__HALLMARK_TNFA_SIGNALING_VIA_NFKB,15.774232864379883
drug_morgan_1077,15.729766845703125
drug_morgan_1529,15.709207534790039
drug_morgan_0727,15.699356079101562
drug_morgan_1472,15.664446830749512
drug_morgan_0683,15.600798606872559
drug_morgan_1697,15.555656433105469
drug_morgan_1417,15.514997482299805
drug_morgan_0890,15.496996879577637
drug_morgan_0357,15.380550384521484
drug_morgan_0182,15.336616516113281
drug_morgan_0417,15.296451568603516
drug_morgan_0136,15.248939514160156
drug_morgan_0013,15.232653617858887
drug_morgan_0718,15.16327953338623
drug_morgan_1857,15.160884857177734
drug_morgan_2022,14.917548179626465
drug_morgan_0315,14.912412643432617
drug_morgan_2027,14.818193435668945
drug_morgan_0969,14.756570816040039
drug_morgan_0941,14.750473022460938
drug_morgan_1393,14.724207878112793
drug_morgan_1153,14.700974464416504
drug_morgan_0119,14.690011978149414
pathway__HALLMARK_INFLAMMATORY_RESPONSE,14.669657707214355
drug_morgan_1126,14.643348693847656
drug_morgan_0961,14.45983600616455
drug_morgan_1213,14.458955764770508
drug_morgan_0164,14.40240478515625
drug_morgan_1454,14.309341430664062
drug_morgan_0560,14.292620658874512
drug_morgan_1762,14.263909339904785
drug_morgan_0514,14.243824005126953
drug_morgan_0477,14.179341316223145
drug_morgan_1917,14.148463249206543
drug_morgan_0251,14.13084602355957
drug_morgan_1190,14.088536262512207
drug_morgan_0097,14.003735542297363
drug_morgan_1810,14.000038146972656
drug_morgan_0531,13.963020324707031
drug_morgan_0806,13.94670581817627
drug_morgan_0544,13.913000106811523
drug_morgan_1701,13.906913757324219
drug_morgan_0556,13.846195220947266
drug_morgan_1295,13.737049102783203
drug_morgan_2042,13.712230682373047
drug_morgan_1402,13.668642044067383
drug_morgan_0039,13.654480934143066
drug_morgan_0950,13.5830659866333
drug_morgan_1730,13.580568313598633
drug_morgan_0831,13.569570541381836
drug_morgan_1511,13.462379455566406
drug_morgan_1381,13.45246696472168
drug_morgan_1429,13.430256843566895
drug_morgan_0297,13.297571182250977
drug_morgan_0074,13.274907112121582
drug_morgan_1288,13.147857666015625
drug_morgan_1589,13.115911483764648
drug_morgan_1312,13.111221313476562
drug_morgan_1825,13.099407196044922
drug_morgan_0229,13.079660415649414
drug_morgan_0216,13.064493179321289
drug_morgan_0114,13.051427841186523
drug_morgan_1782,13.000057220458984
drug_morgan_0222,12.985483169555664
drug_morgan_0523,12.968472480773926
drug_morgan_1208,12.91405963897705
pathway__HALLMARK_ESTROGEN_RESPONSE_LATE,12.799518585205078
pathway__HALLMARK_NOTCH_SIGNALING,12.782343864440918
drug_morgan_0606,12.781464576721191
drug_morgan_1668,12.775108337402344
drug_morgan_1101,12.707063674926758
drug_morgan_0200,12.705642700195312
drug_morgan_1262,12.660435676574707
drug_morgan_1443,12.609719276428223
drug_morgan_0592,12.599210739135742
pathway__HALLMARK_APICAL_SURFACE,12.533037185668945
drug_morgan_0564,12.529922485351562
pathway__HALLMARK_APOPTOSIS,12.526153564453125
drug_morgan_0472,12.486785888671875
drug_morgan_0750,12.481700897216797
pathway__HALLMARK_COMPLEMENT,12.414478302001953
drug_morgan_1678,12.389077186584473
drug_morgan_0366,12.249238967895508
drug_morgan_1182,12.206076622009277
pathway__HALLMARK_MYOGENESIS,12.197925567626953
drug_morgan_0618,12.183239936828613
drug_morgan_1667,12.143527030944824
drug_morgan_1445,12.123376846313477
drug_morgan_0820,12.122448921203613
target_expr_std,12.105530738830566
drug_morgan_0780,12.084817886352539
drug_morgan_1915,12.081993103027344
drug_morgan_1747,12.072476387023926
drug_morgan_1858,11.99740219116211
drug_morgan_1909,11.972492218017578
drug_morgan_0723,11.947198867797852
drug_morgan_1088,11.861186027526855
drug_morgan_0272,11.84961986541748
drug_morgan_0521,11.712684631347656
pathway__HALLMARK_P53_PATHWAY,11.634081840515137
drug_morgan_0378,11.620022773742676
drug_morgan_1783,11.574775695800781
drug_morgan_0020,11.540703773498535
drug_morgan_1900,11.521552085876465
drug_morgan_0484,11.510786056518555
drug_morgan_1082,11.416193962097168
drug_morgan_0562,11.380762100219727
drug_morgan_0491,11.356746673583984
drug_morgan_1152,11.33436393737793
drug_morgan_1586,11.303146362304688
drug_morgan_1480,11.25305461883545
drug_morgan_1252,11.251972198486328
drug_morgan_1905,11.245475769042969
drug_morgan_0029,11.170695304870605
drug_morgan_0310,11.140645980834961
pathway__HALLMARK_SPERMATOGENESIS,11.133919715881348
drug_morgan_0329,11.061138153076172
drug_morgan_1265,11.018488883972168
drug_morgan_0931,11.017868995666504
drug_morgan_1416,11.009352684020996
drug_morgan_1033,10.965499877929688
drug_morgan_1985,10.946502685546875
drug_morgan_0023,10.873213768005371
drug_morgan_0201,10.860743522644043
drug_morgan_0433,10.850676536560059
pathway__HALLMARK_DNA_REPAIR,10.84110164642334
drug_morgan_0816,10.840123176574707
drug_morgan_0464,10.834983825683594
drug_morgan_0008,10.80885124206543
pathway__HALLMARK_INTERFERON_ALPHA_RESPONSE,10.806574821472168
drug_morgan_1805,10.797395706176758
drug_morgan_0915,10.783288955688477
drug_morgan_0052,10.755545616149902
drug_morgan_2006,10.674063682556152
drug_morgan_0056,10.672355651855469
drug_morgan_2013,10.651762008666992
drug_morgan_1522,10.649177551269531
pathway__HALLMARK_INTERFERON_GAMMA_RESPONSE,10.578388214111328
drug_morgan_1047,10.574153900146484
pathway__HALLMARK_MYC_TARGETS_V2,10.559236526489258
drug_morgan_1224,10.475187301635742
drug_morgan_1379,10.392657279968262
drug_morgan_1990,10.391329765319824
drug_morgan_1627,10.34881591796875
drug_morgan_1583,10.33523178100586
pathway__HALLMARK_PANCREAS_BETA_CELLS,10.307591438293457
drug_morgan_1764,10.301240921020508
pathway__HALLMARK_IL2_STAT5_SIGNALING,10.28498649597168
drug_morgan_1243,10.244247436523438
drug_morgan_0926,10.239785194396973
pathway__HALLMARK_UNFOLDED_PROTEIN_RESPONSE,10.204111099243164
drug_morgan_1494,10.202771186828613
drug_morgan_1164,10.199076652526855
drug_morgan_1217,10.162689208984375
drug_morgan_1742,10.148265838623047
drug_morgan_0404,10.020174980163574
drug_morgan_1544,10.0078125
drug_morgan_1984,9.977216720581055
drug_morgan_0576,9.938034057617188
drug_morgan_1648,9.937921524047852
drug_morgan_1602,9.926198959350586
drug_morgan_1160,9.917337417602539
drug_morgan_1855,9.897464752197266
drug_morgan_0371,9.781783103942871
drug_morgan_1738,9.707530975341797
drug_morgan_0959,9.700908660888672
drug_morgan_0882,9.697504997253418
drug_morgan_0540,9.649680137634277
drug_morgan_0425,9.619694709777832
drug_morgan_0640,9.589537620544434
drug_morgan_0881,9.568133354187012
drug_morgan_1862,9.558929443359375
drug_morgan_1009,9.54819107055664
drug_morgan_1999,9.533378601074219
drug_morgan_1287,9.472188949584961
pathway__HALLMARK_ALLOGRAFT_REJECTION,9.447738647460938
pathway__HALLMARK_ANGIOGENESIS,9.44597339630127
drug_morgan_1272,9.44268798828125
drug_morgan_0291,9.42556381225586
drug_morgan_1096,9.419983863830566
drug_morgan_0688,9.394880294799805
drug_morgan_0582,9.37382698059082
drug_morgan_0798,9.348410606384277
drug_morgan_0099,9.343259811401367
drug_morgan_1955,9.31507682800293
drug_morgan_0255,9.307367324829102
drug_morgan_1056,9.289528846740723
drug_morgan_0380,9.281763076782227
drug_morgan_0117,9.253963470458984
drug_morgan_0025,9.23647689819336
drug_morgan_1563,9.200189590454102
drug_morgan_0090,9.197443962097168
drug_morgan_1175,9.121805191040039
drug_morgan_1532,9.11196231842041
drug_morgan_2004,9.102560043334961
drug_morgan_0565,9.09463119506836
drug_morgan_1958,9.093456268310547
drug_morgan_1041,9.08285903930664
drug_morgan_1847,9.080472946166992
drug_morgan_1467,9.055439949035645
drug_morgan_1807,9.053394317626953
drug_morgan_1291,9.035409927368164
drug_morgan_0583,9.031683921813965
drug_morgan_0298,9.026004791259766
drug_morgan_1921,8.99936294555664
drug_morgan_0259,8.978899002075195
drug_morgan_1377,8.942564010620117
drug_morgan_0913,8.918639183044434
drug_morgan_0629,8.916820526123047
drug_morgan_0886,8.87017822265625
drug_morgan_0739,8.852925300598145
drug_morgan_0233,8.72690200805664
drug_morgan_1928,8.70888900756836
drug_morgan_0827,8.682981491088867
pathway__HALLMARK_HEME_METABOLISM,8.634604454040527
drug_morgan_0947,8.614730834960938
drug_morgan_1196,8.593317985534668
pathway__HALLMARK_MITOTIC_SPINDLE,8.573396682739258
drug_morgan_1315,8.570023536682129
drug_morgan_1225,8.55593490600586
pathway__HALLMARK_HYPOXIA,8.545961380004883
drug_morgan_0102,8.541727066040039
drug_morgan_1057,8.533295631408691
drug_morgan_1321,8.498533248901367
drug_morgan_0497,8.486897468566895
drug_morgan_0791,8.482664108276367
pathway__HALLMARK_PROTEIN_SECRETION,8.470146179199219
drug_morgan_0732,8.458414077758789
drug_morgan_1800,8.435494422912598
drug_morgan_0684,8.38623332977295
drug_morgan_1447,8.329790115356445
drug_morgan_1232,8.32282543182373
drug_morgan_0692,8.31386661529541
drug_morgan_0836,8.311545372009277
drug_morgan_1236,8.25727653503418
drug_morgan_1169,8.20425033569336
drug_morgan_1878,8.190711975097656
drug_morgan_0995,8.184111595153809
drug_morgan_1256,8.17601203918457
pathway__HALLMARK_XENOBIOTIC_METABOLISM,8.169095039367676
pathway__HALLMARK_MYC_TARGETS_V1,8.156265258789062
drug_morgan_0541,8.150652885437012
drug_morgan_1488,8.148481369018555
drug_morgan_0526,8.099437713623047
drug_morgan_1758,8.08968734741211
drug_morgan_0283,8.067364692687988
drug_morgan_0971,8.056907653808594
drug_morgan_1582,8.019935607910156
drug_morgan_1071,7.994204044342041
drug_morgan_0730,7.964620590209961
drug_morgan_1572,7.918760299682617
drug_morgan_1555,7.917896270751953
pathway__HALLMARK_CHOLESTEROL_HOMEOSTASIS,7.903167247772217
drug_morgan_1629,7.849985122680664
drug_morgan_0620,7.839868545532227
drug_morgan_0707,7.8350677490234375
drug_morgan_0055,7.7504730224609375
drug_morgan_0165,7.739448547363281
drug_morgan_0268,7.737816333770752
drug_morgan_2021,7.724858283996582
drug_morgan_0505,7.717257022857666
pathway__HALLMARK_G2M_CHECKPOINT,7.701471328735352
target_overlap_down_count,7.697375297546387
drug_morgan_0449,7.66451358795166
drug_morgan_1346,7.662287712097168
pathway__HALLMARK_APICAL_JUNCTION,7.646890163421631
drug_morgan_0667,7.640819072723389
drug_morgan_0657,7.609171390533447
drug_morgan_0383,7.573551177978516
drug_morgan_1737,7.550865650177002
drug_morgan_0263,7.533662796020508
drug_morgan_0321,7.421751976013184
drug_morgan_1852,7.367912769317627
pathway__HALLMARK_TGF_BETA_SIGNALING,7.2785491943359375
drug_morgan_0128,7.248831748962402
pathway__HALLMARK_ESTROGEN_RESPONSE_EARLY,7.236319065093994
pathway__HALLMARK_BILE_ACID_METABOLISM,7.226203918457031
drug_morgan_0207,7.2041144371032715
drug_morgan_1268,7.203786849975586
drug_morgan_0465,7.200582981109619
drug_morgan_0990,7.197175979614258
drug_morgan_0327,7.141114711761475
drug_morgan_0775,7.131956100463867
drug_morgan_1624,7.124506950378418
drug_morgan_1844,7.066003799438477
drug_morgan_0173,7.0249176025390625
drug_morgan_0936,7.016498565673828
drug_morgan_0729,6.950994491577148
drug_morgan_1832,6.942488670349121
pathway__HALLMARK_GLYCOLYSIS,6.935133457183838
drug_morgan_1571,6.932761192321777
drug_morgan_1840,6.931796073913574
drug_morgan_1908,6.909262180328369
drug_morgan_0968,6.908935546875
drug_morgan_0835,6.884273529052734
drug_morgan_1938,6.866077423095703
drug_morgan_0094,6.83665132522583
drug_morgan_0974,6.823578834533691
drug_morgan_1141,6.797971725463867
drug_morgan_1813,6.779024124145508
drug_morgan_0418,6.733114719390869
drug_morgan_0400,6.729567050933838
drug_morgan_0603,6.710527420043945
drug_morgan_0712,6.705816745758057
pathway__HALLMARK_IL6_JAK_STAT3_SIGNALING,6.673426628112793
pathway__HALLMARK_PEROXISOME,6.621140956878662
drug_morgan_1683,6.608868598937988
drug_morgan_0802,6.596184730529785
drug_morgan_0205,6.5702691078186035
drug_morgan_1536,6.519698143005371
drug_morgan_0261,6.509225368499756
pathway__HALLMARK_UV_RESPONSE_UP,6.499279499053955
drug_morgan_1979,6.494791030883789
drug_morgan_0745,6.487085342407227
drug_morgan_1597,6.456225395202637
drug_morgan_0113,6.430835723876953
drug_morgan_0897,6.4282121658325195
drug_morgan_0140,6.325016021728516
drug_morgan_1351,6.28411865234375
pathway__HALLMARK_UV_RESPONSE_DN,6.261806964874268
drug_morgan_1978,6.22120475769043
drug_morgan_0369,6.213785171508789
drug_morgan_0738,6.2018938064575195
drug_morgan_0043,6.197366237640381
drug_morgan_0428,6.194565773010254
pathway__HALLMARK_MTORC1_SIGNALING,6.185380935668945
drug_morgan_0609,6.178762912750244
drug_morgan_1483,6.089104652404785
drug_morgan_0700,6.0830583572387695
drug_morgan_1887,6.025940895080566
drug_morgan_0040,6.013087749481201
drug_morgan_0047,5.976266384124756
drug_morgan_1726,5.95927095413208
drug_morgan_1004,5.936501502990723
drug_morgan_0752,5.926976203918457
drug_morgan_1464,5.926061630249023
drug_morgan_0948,5.890769004821777
drug_morgan_0326,5.864180088043213
drug_morgan_0046,5.8583984375
drug_morgan_0168,5.815423965454102
drug_morgan_0879,5.777734756469727
drug_morgan_0677,5.664900302886963
drug_morgan_0206,5.627706050872803
drug_morgan_0237,5.4367852210998535
drug_morgan_1150,5.385341644287109
drug_morgan_1391,5.357758522033691
drug_morgan_0034,5.293127059936523
drug_morgan_0992,5.287303924560547
drug_morgan_0587,5.266519546508789
drug_morgan_0148,5.237349510192871
drug_morgan_1060,5.210474491119385
drug_morgan_1410,5.192601203918457
drug_morgan_0981,5.187477111816406
drug_morgan_1980,5.10878849029541
drug_morgan_1098,5.103299617767334
drug_morgan_1097,5.046455383300781
drug_morgan_0028,4.915857315063477
drug_morgan_1989,4.810575485229492
drug_morgan_0075,4.772995948791504
drug_morgan_0244,4.734169960021973
drug_morgan_1302,4.617145538330078
drug_morgan_0067,4.504532814025879
drug_morgan_1238,4.477028846740723
drug_morgan_0966,4.461377143859863
drug_morgan_0171,4.43104362487793
drug_morgan_0249,4.344409942626953
drug_morgan_0343,4.329780578613281
drug_morgan_0066,4.124719619750977
drug_morgan_0145,3.942866325378418
drug_morgan_0045,3.7717607021331787
drug_morgan_0819,3.7512741088867188
drug_morgan_0486,3.7337005138397217
drug_morgan_0336,3.6997547149658203
drug_morgan_0489,3.5366458892822266
drug_morgan_0790,3.4462833404541016
drug_morgan_0392,3.378918170928955
drug_morgan_0361,3.056788444519043
drug_morgan_0064,3.006140947341919
drug_morgan_0192,2.9023075103759766
drug_morgan_0073,2.784226179122925
drug_morgan_0294,2.535919189453125
drug_morgan_0032,1.8781425952911377
drug_morgan_0060,1.6069917678833008
drug_morgan_0014,1.6066337823867798
drug_morgan_0009,1.59324312210083
drug_morgan_0059,1.2548500299453735
drug_morgan_0003,1.2204008102416992
drug_morgan_0901,0.9488396048545837
drug_morgan_0980,0.9386558532714844
drug_morgan_1574,0.0
drug_morgan_1408,0.0
drug_morgan_1578,0.0
drug_morgan_0159,0.0
drug_morgan_0158,0.0
drug_morgan_1577,0.0
drug_morgan_1347,0.0
drug_morgan_1579,0.0
drug_morgan_1580,0.0
drug_morgan_1581,0.0
drug_morgan_1573,0.0
drug_morgan_1354,0.0
drug_morgan_1348,0.0
drug_morgan_1558,0.0
drug_morgan_1543,0.0
drug_morgan_1545,0.0
drug_morgan_1546,0.0
drug_morgan_1547,0.0
drug_morgan_1356,0.0
drug_morgan_1548,0.0
drug_morgan_1549,0.0
drug_morgan_1550,0.0
drug_morgan_1551,0.0
drug_morgan_1552,0.0
drug_morgan_1553,0.0
drug_morgan_1554,0.0
drug_morgan_1355,0.0
drug_morgan_1556,0.0
drug_morgan_1559,0.0
drug_morgan_0218,0.0
drug_morgan_0163,0.0
drug_morgan_1561,0.0
drug_morgan_1562,0.0
drug_morgan_0157,0.0
drug_morgan_1564,0.0
drug_morgan_0162,0.0
drug_morgan_1566,0.0
drug_morgan_1353,0.0
drug_morgan_1352,0.0
drug_morgan_0161,0.0
drug_morgan_1568,0.0
drug_morgan_0160,0.0
drug_morgan_1350,0.0
drug_morgan_1570,0.0
drug_morgan_1345,0.0
drug_morgan_1600,0.0
drug_morgan_1584,0.0
drug_morgan_0150,0.0
drug_morgan_1634,0.0
drug_morgan_1633,0.0
drug_morgan_1632,0.0
drug_morgan_0147,0.0
drug_morgan_1334,0.0
drug_morgan_1630,0.0
drug_morgan_1335,0.0
drug_morgan_1626,0.0
drug_morgan_1585,0.0
drug_morgan_1625,0.0
drug_morgan_1336,0.0
drug_morgan_1337,0.0
drug_morgan_1623,0.0
drug_morgan_1622,0.0
drug_morgan_1621,0.0
drug_morgan_1338,0.0
drug_morgan_1635,0.0
drug_morgan_1636,0.0
drug_morgan_1637,0.0
drug_morgan_1638,0.0
drug_morgan_1652,0.0
drug_morgan_1651,0.0
drug_morgan_1650,0.0
drug_morgan_1649,0.0
drug_morgan_1647,0.0
drug_morgan_1332,0.0
drug_morgan_1646,0.0
drug_morgan_1645,0.0
drug_morgan_1644,0.0
drug_morgan_1643,0.0
drug_morgan_1642,0.0
drug_morgan_1641,0.0
drug_morgan_1640,0.0
drug_morgan_1333,0.0
drug_morgan_1639,0.0
drug_morgan_1620,0.0
drug_morgan_1619,0.0
drug_morgan_1618,0.0
drug_morgan_0154,0.0
drug_morgan_1599,0.0
drug_morgan_1598,0.0
drug_morgan_1596,0.0
drug_morgan_1595,0.0
drug_morgan_1594,0.0
drug_morgan_1593,0.0
drug_morgan_1592,0.0
drug_morgan_1591,0.0
drug_morgan_1343,0.0
drug_morgan_1590,0.0
drug_morgan_0155,0.0
drug_morgan_1588,0.0
drug_morgan_1344,0.0
drug_morgan_1587,0.0
drug_morgan_0156,0.0
drug_morgan_1601,0.0
drug_morgan_1604,0.0
drug_morgan_1617,0.0
drug_morgan_1605,0.0
drug_morgan_0151,0.0
drug_morgan_1615,0.0
drug_morgan_1614,0.0
drug_morgan_1613,0.0
drug_morgan_1612,0.0
drug_morgan_1339,0.0
drug_morgan_1611,0.0
drug_morgan_1610,0.0
drug_morgan_1609,0.0
drug_morgan_1340,0.0
drug_morgan_1341,0.0
drug_morgan_1608,0.0
drug_morgan_0153,0.0
drug_morgan_1606,0.0
drug_morgan_1342,0.0
drug_morgan_1542,0.0
drug_morgan_1528,0.0
drug_morgan_0217,0.0
drug_morgan_1460,0.0
drug_morgan_1458,0.0
drug_morgan_1457,0.0
drug_morgan_1456,0.0
drug_morgan_1455,0.0
drug_morgan_0183,0.0
drug_morgan_0185,0.0
drug_morgan_0186,0.0
drug_morgan_1394,0.0
drug_morgan_1395,0.0
drug_morgan_1451,0.0
drug_morgan_1450,0.0
drug_morgan_1449,0.0
drug_morgan_1448,0.0
drug_morgan_1396,0.0
drug_morgan_1446,0.0
drug_morgan_1397,0.0
drug_morgan_0187,0.0
drug_morgan_1459,0.0
drug_morgan_1461,0.0
drug_morgan_1444,0.0
drug_morgan_1392,0.0
drug_morgan_1475,0.0
drug_morgan_1474,0.0
drug_morgan_1473,0.0
drug_morgan_0208,0.0
drug_morgan_0180,0.0
drug_morgan_0181,0.0
drug_morgan_1470,0.0
drug_morgan_1469,0.0
drug_morgan_1468,0.0
drug_morgan_1387,0.0
drug_morgan_1466,0.0
drug_morgan_1388,0.0
drug_morgan_1465,0.0
drug_morgan_1389,0.0
drug_morgan_1390,0.0
drug_morgan_1463,0.0
drug_morgan_1462,0.0
drug_morgan_1399,0.0
drug_morgan_0188,0.0
drug_morgan_1476,0.0
drug_morgan_0204,0.0
drug_morgan_0194,0.0
drug_morgan_1403,0.0
drug_morgan_1404,0.0
drug_morgan_1421,0.0
drug_morgan_1420,0.0
drug_morgan_1405,0.0
drug_morgan_1419,0.0
drug_morgan_1418,0.0
drug_morgan_0195,0.0
drug_morgan_0196,0.0
drug_morgan_1415,0.0
drug_morgan_1414,0.0
drug_morgan_1406,0.0
drug_morgan_1407,0.0
drug_morgan_0197,0.0
drug_morgan_1412,0.0
drug_morgan_0199,0.0
drug_morgan_1423,0.0
drug_morgan_1424,0.0
drug_morgan_1442,0.0
drug_morgan_1425,0.0
drug_morgan_1441,0.0
drug_morgan_0189,0.0
drug_morgan_1439,0.0
drug_morgan_1400,0.0
drug_morgan_1438,0.0
drug_morgan_1437,0.0
drug_morgan_1436,0.0
drug_morgan_0190,0.0
drug_morgan_1434,0.0
drug_morgan_1433,0.0
drug_morgan_1432,0.0
drug_morgan_1431,0.0
drug_morgan_1430,0.0
drug_morgan_1428,0.0
drug_morgan_1427,0.0
drug_morgan_1401,0.0
drug_morgan_1426,0.0
drug_morgan_1384,0.0
drug_morgan_1477,0.0
drug_morgan_1541,0.0
drug_morgan_0169,0.0
drug_morgan_1520,0.0
drug_morgan_1519,0.0
drug_morgan_1518,0.0
drug_morgan_1517,0.0
drug_morgan_1516,0.0
drug_morgan_1362,0.0
drug_morgan_1515,0.0
drug_morgan_1514,0.0
drug_morgan_1513,0.0
drug_morgan_1512,0.0
drug_morgan_0170,0.0
drug_morgan_1510,0.0
drug_morgan_1363,0.0
drug_morgan_1509,0.0
drug_morgan_1507,0.0
drug_morgan_1506,0.0
drug_morgan_1364,0.0
drug_morgan_1521,0.0
drug_morgan_1523,0.0
drug_morgan_0215,0.0
drug_morgan_1525,0.0
drug_morgan_1540,0.0
drug_morgan_1539,0.0
drug_morgan_1538,0.0
drug_morgan_1537,0.0
drug_morgan_1358,0.0
drug_morgan_1359,0.0
drug_morgan_0166,0.0
drug_morgan_1534,0.0
drug_morgan_1533,0.0
drug_morgan_1360,0.0
drug_morgan_1531,0.0
drug_morgan_1361,0.0
drug_morgan_1530,0.0
drug_morgan_0167,0.0
drug_morgan_1409,0.0
drug_morgan_1527,0.0
drug_morgan_1526,0.0
drug_morgan_1365,0.0
drug_morgan_1505,0.0
drug_morgan_0179,0.0
drug_morgan_1490,0.0
drug_morgan_1489,0.0
drug_morgan_1376,0.0
drug_morgan_1378,0.0
drug_morgan_0177,0.0
drug_morgan_1486,0.0
drug_morgan_1485,0.0
drug_morgan_1484,0.0
drug_morgan_0212,0.0
drug_morgan_0211,0.0
drug_morgan_0210,0.0
drug_morgan_0209,0.0
drug_morgan_1482,0.0
drug_morgan_1383,0.0
drug_morgan_1481,0.0
drug_morgan_1654,0.0
drug_morgan_0178,0.0
drug_morgan_1479,0.0
drug_morgan_1375,0.0
drug_morgan_1491,0.0
drug_morgan_1367,0.0
drug_morgan_1374,0.0
drug_morgan_1368,0.0
drug_morgan_1504,0.0
drug_morgan_1503,0.0
drug_morgan_0172,0.0
drug_morgan_0214,0.0
drug_morgan_1500,0.0
drug_morgan_0174,0.0
drug_morgan_0213,0.0
drug_morgan_1498,0.0
drug_morgan_1497,0.0
drug_morgan_0176,0.0
drug_morgan_1371,0.0
drug_morgan_1495,0.0
drug_morgan_1372,0.0
drug_morgan_1373,0.0
drug_morgan_1493,0.0
drug_morgan_1492,0.0
drug_morgan_1653,0.0
drug_morgan_1720,0.0
drug_morgan_1655,0.0
drug_morgan_0086,0.0
drug_morgan_1944,0.0
drug_morgan_1943,0.0
drug_morgan_1942,0.0
drug_morgan_1941,0.0
drug_morgan_1940,0.0
drug_morgan_1939,0.0
drug_morgan_1937,0.0
drug_morgan_1936,0.0
drug_morgan_1935,0.0
drug_morgan_1933,0.0
drug_morgan_1946,0.0
drug_morgan_1932,0.0
drug_morgan_1931,0.0
drug_morgan_1930,0.0
drug_morgan_1929,0.0
drug_morgan_1927,0.0
drug_morgan_1926,0.0
drug_morgan_1925,0.0
drug_morgan_1924,0.0
drug_morgan_1923,0.0
drug_morgan_1945,0.0
drug_morgan_1947,0.0
drug_morgan_1867,0.0
drug_morgan_1961,0.0
drug_morgan_1970,0.0
drug_morgan_1969,0.0
drug_morgan_1968,0.0
drug_morgan_0083,0.0
drug_morgan_1966,0.0
drug_morgan_1965,0.0
drug_morgan_1964,0.0
drug_morgan_1963,0.0
drug_morgan_1962,0.0
drug_morgan_1960,0.0
drug_morgan_1948,0.0
drug_morgan_0085,0.0
drug_morgan_1957,0.0
drug_morgan_1956,0.0
drug_morgan_1954,0.0
drug_morgan_1953,0.0
drug_morgan_1952,0.0
drug_morgan_1951,0.0
drug_morgan_1950,0.0
drug_morgan_1949,0.0
drug_morgan_1922,0.0
drug_morgan_1920,0.0
drug_morgan_1919,0.0
drug_morgan_1881,0.0
drug_morgan_1891,0.0
drug_morgan_1890,0.0
drug_morgan_1889,0.0
drug_morgan_1888,0.0
drug_morgan_1886,0.0
drug_morgan_1885,0.0
drug_morgan_1884,0.0
drug_morgan_0098,0.0
drug_morgan_1882,0.0
drug_morgan_1880,0.0
drug_morgan_1918,0.0
drug_morgan_1879,0.0
drug_morgan_1876,0.0
drug_morgan_1875,0.0
drug_morgan_1874,0.0
drug_morgan_1873,0.0
drug_morgan_1872,0.0
drug_morgan_1871,0.0
drug_morgan_1870,0.0
drug_morgan_1869,0.0
drug_morgan_1892,0.0
drug_morgan_1893,0.0
drug_morgan_1894,0.0
drug_morgan_1895,0.0
drug_morgan_0087,0.0
drug_morgan_1916,0.0
drug_morgan_0088,0.0
drug_morgan_1914,0.0
drug_morgan_1913,0.0
drug_morgan_1912,0.0
drug_morgan_0089,0.0
drug_morgan_0091,0.0
drug_morgan_1907,0.0
drug_morgan_0093,0.0
drug_morgan_1904,0.0
drug_morgan_1903,0.0
drug_morgan_1902,0.0
drug_morgan_1901,0.0
drug_morgan_0096,0.0
drug_morgan_1899,0.0
drug_morgan_1898,0.0
drug_morgan_1897,0.0
drug_morgan_1896,0.0
drug_morgan_1971,0.0
drug_morgan_1972,0.0
drug_morgan_1973,0.0
drug_morgan_2045,0.0
target_overlap_count,0.0
drug_morgan_0051,0.0
drug_morgan_0053,0.0
drug_morgan_0057,0.0
drug_morgan_0058,0.0
drug_morgan_0061,0.0
drug_morgan_0063,0.0
drug_morgan_2047,0.0
drug_morgan_2046,0.0
drug_morgan_2044,0.0
drug_morgan_2030,0.0
drug_morgan_2043,0.0
drug_morgan_2040,0.0
drug_morgan_2039,0.0
drug_morgan_2038,0.0
drug_morgan_2037,0.0
drug_morgan_2036,0.0
drug_morgan_2035,0.0
drug_morgan_2034,0.0
drug_morgan_2032,0.0
target_overlap_ratio,0.0
drug_morgan_0050,0.0
drug_morgan_0049,0.0
drug_morgan_0048,0.0
drug_morgan_0010,0.0
drug_morgan_0012,0.0
drug_morgan_0015,0.0
drug_morgan_0016,0.0
drug_morgan_0017,0.0
drug_morgan_0018,0.0
drug_morgan_0019,0.0
drug_morgan_0021,0.0
drug_morgan_0022,0.0
drug_morgan_0024,0.0
drug_morgan_0026,0.0
drug_morgan_0027,0.0
drug_morgan_0030,0.0
drug_morgan_0035,0.0
drug_morgan_0038,0.0
drug_morgan_0042,0.0
drug_morgan_0044,0.0
target_pathway_hit_count,0.0
target_pathway_score_mean,0.0
drug_morgan_2031,0.0
drug_morgan_2029,0.0
drug_morgan_1974,0.0
drug_morgan_0078,0.0
drug_morgan_2000,0.0
drug_morgan_1998,0.0
drug_morgan_1997,0.0
drug_morgan_1996,0.0
drug_morgan_1995,0.0
drug_morgan_1994,0.0
drug_morgan_0076,0.0
drug_morgan_1992,0.0
drug_morgan_0077,0.0
drug_morgan_1988,0.0
drug_morgan_0069,0.0
drug_morgan_1987,0.0
drug_morgan_1986,0.0
drug_morgan_0081,0.0
drug_morgan_1983,0.0
drug_morgan_0082,0.0
drug_morgan_1981,0.0
drug_morgan_1977,0.0
drug_morgan_1976,0.0
drug_morgan_1975,0.0
drug_morgan_2001,0.0
drug_morgan_2002,0.0
drug_morgan_2003,0.0
drug_morgan_2005,0.0
drug_morgan_0070,0.0
drug_morgan_2026,0.0
drug_morgan_2025,0.0
drug_morgan_2024,0.0
drug_morgan_2023,0.0
drug_morgan_0071,0.0
drug_morgan_2020,0.0
drug_morgan_2019,0.0
drug_morgan_2018,0.0
drug_morgan_2017,0.0
drug_morgan_2016,0.0
drug_morgan_2015,0.0
drug_morgan_2014,0.0
drug_morgan_0072,0.0
drug_morgan_2012,0.0
drug_morgan_2011,0.0
drug_morgan_2010,0.0
drug_morgan_2008,0.0
drug_morgan_2007,0.0
drug_morgan_1868,0.0
drug_morgan_0100,0.0
drug_morgan_1656,0.0
drug_morgan_1717,0.0
drug_morgan_1727,0.0
drug_morgan_1725,0.0
drug_morgan_0135,0.0
drug_morgan_1723,0.0
drug_morgan_0137,0.0
drug_morgan_1721,0.0
drug_morgan_1330,0.0
drug_morgan_1719,0.0
drug_morgan_1718,0.0
drug_morgan_1716,0.0
drug_morgan_0132,0.0
drug_morgan_1715,0.0
drug_morgan_1714,0.0
drug_morgan_1713,0.0
drug_morgan_1712,0.0
drug_morgan_1711,0.0
drug_morgan_1710,0.0
drug_morgan_1709,0.0
drug_morgan_1708,0.0
drug_morgan_1707,0.0
drug_morgan_1728,0.0
drug_morgan_0129,0.0
drug_morgan_1865,0.0
drug_morgan_1746,0.0
drug_morgan_1755,0.0
drug_morgan_0124,0.0
drug_morgan_1753,0.0
drug_morgan_1752,0.0
drug_morgan_1751,0.0
drug_morgan_0125,0.0
drug_morgan_1749,0.0
drug_morgan_1748,0.0
drug_morgan_0127,0.0
drug_morgan_1744,0.0
drug_morgan_1731,0.0
drug_morgan_1743,0.0
drug_morgan_1741,0.0
drug_morgan_1740,0.0
drug_morgan_1739,0.0
drug_morgan_1736,0.0
drug_morgan_1735,0.0
drug_morgan_1734,0.0
drug_morgan_1733,0.0
drug_morgan_1732,0.0
drug_morgan_1706,0.0
drug_morgan_1705,0.0
drug_morgan_1704,0.0
drug_morgan_0144,0.0
drug_morgan_1677,0.0
drug_morgan_1676,0.0
drug_morgan_1675,0.0
drug_morgan_1674,0.0
drug_morgan_1673,0.0
drug_morgan_1672,0.0
drug_morgan_0143,0.0
drug_morgan_1670,0.0
drug_morgan_1669,0.0
drug_morgan_1666,0.0
drug_morgan_1703,0.0
drug_morgan_1665,0.0
drug_morgan_1664,0.0
drug_morgan_1663,0.0
drug_morgan_1662,0.0
drug_morgan_1661,0.0
drug_morgan_1660,0.0
drug_morgan_1659,0.0
drug_morgan_1658,0.0
drug_morgan_0146,0.0
drug_morgan_0142,0.0
drug_morgan_1679,0.0
drug_morgan_1680,0.0
drug_morgan_1681,0.0
drug_morgan_1702,0.0
drug_morgan_0138,0.0
drug_morgan_1700,0.0
drug_morgan_1699,0.0
drug_morgan_1698,0.0
drug_morgan_0139,0.0
drug_morgan_1695,0.0
drug_morgan_1694,0.0
drug_morgan_1693,0.0
drug_morgan_1692,0.0
drug_morgan_1691,0.0
drug_morgan_1690,0.0
drug_morgan_1689,0.0
drug_morgan_1688,0.0
drug_morgan_1687,0.0
drug_morgan_1686,0.0
drug_morgan_1685,0.0
drug_morgan_1684,0.0
drug_morgan_1682,0.0
drug_morgan_1756,0.0
drug_morgan_1757,0.0
drug_morgan_1759,0.0
drug_morgan_1824,0.0
drug_morgan_1834,0.0
drug_morgan_1833,0.0
drug_morgan_1831,0.0
drug_morgan_1830,0.0
drug_morgan_1829,0.0
drug_morgan_1828,0.0
drug_morgan_1827,0.0
drug_morgan_1826,0.0
drug_morgan_0109,0.0
drug_morgan_1823,0.0
drug_morgan_1811,0.0
drug_morgan_1822,0.0
drug_morgan_1821,0.0
drug_morgan_1820,0.0
drug_morgan_1819,0.0
drug_morgan_1818,0.0
drug_morgan_1817,0.0
drug_morgan_1816,0.0
drug_morgan_1815,0.0
drug_morgan_1814,0.0
drug_morgan_1835,0.0
drug_morgan_1836,0.0
drug_morgan_1837,0.0
drug_morgan_0106,0.0
drug_morgan_1864,0.0
drug_morgan_1863,0.0
drug_morgan_0101,0.0
drug_morgan_1860,0.0
drug_morgan_0103,0.0
drug_morgan_0104,0.0
drug_morgan_1856,0.0
drug_morgan_1854,0.0
drug_morgan_1853,0.0
drug_morgan_1851,0.0
drug_morgan_1850,0.0
drug_morgan_1849,0.0
drug_morgan_1848,0.0
drug_morgan_1846,0.0
drug_morgan_1845,0.0
drug_morgan_1843,0.0
drug_morgan_1842,0.0
drug_morgan_1841,0.0
drug_morgan_1839,0.0
drug_morgan_1812,0.0
drug_morgan_0111,0.0
drug_morgan_1760,0.0
drug_morgan_1772,0.0
drug_morgan_1781,0.0
drug_morgan_1780,0.0
drug_morgan_1779,0.0
drug_morgan_1778,0.0
drug_morgan_1777,0.0
drug_morgan_1776,0.0
drug_morgan_1775,0.0
drug_morgan_1774,0.0
drug_morgan_1773,0.0
drug_morgan_1771,0.0
drug_morgan_1809,0.0
drug_morgan_1770,0.0
drug_morgan_0122,0.0
drug_morgan_1768,0.0
drug_morgan_1767,0.0
drug_morgan_1766,0.0
drug_morgan_1765,0.0
drug_morgan_1763,0.0
drug_morgan_0123,0.0
drug_morgan_1761,0.0
drug_morgan_0120,0.0
drug_morgan_0118,0.0
drug_morgan_1784,0.0
drug_morgan_1785,0.0
drug_morgan_1808,0.0
drug_morgan_1806,0.0
drug_morgan_0112,0.0
drug_morgan_1804,0.0
drug_morgan_1803,0.0
drug_morgan_1802,0.0
drug_morgan_1801,0.0
drug_morgan_1798,0.0
drug_morgan_1797,0.0
drug_morgan_1796,0.0
drug_morgan_1795,0.0
drug_morgan_1794,0.0
drug_morgan_1793,0.0
drug_morgan_1791,0.0
drug_morgan_1790,0.0
drug_morgan_1789,0.0
drug_morgan_1788,0.0
drug_morgan_1787,0.0
drug_morgan_1786,0.0
drug_morgan_1331,0.0
drug_morgan_0236,0.0
drug_morgan_1329,0.0
drug_morgan_0726,0.0
drug_morgan_0724,0.0
drug_morgan_0346,0.0
drug_morgan_0347,0.0
drug_morgan_0721,0.0
drug_morgan_0720,0.0
drug_morgan_0719,0.0
drug_morgan_0348,0.0
drug_morgan_0717,0.0
drug_morgan_0716,0.0
drug_morgan_0349,0.0
drug_morgan_0351,0.0
drug_morgan_0353,0.0
drug_morgan_0711,0.0
drug_morgan_0710,0.0
drug_morgan_0709,0.0
drug_morgan_0354,0.0
drug_morgan_0706,0.0
drug_morgan_0705,0.0
drug_morgan_0704,0.0
drug_morgan_0355,0.0
drug_morgan_0356,0.0
drug_morgan_0725,0.0
drug_morgan_0345,0.0
drug_morgan_0641,0.0
drug_morgan_0344,0.0
drug_morgan_0757,0.0
drug_morgan_0756,0.0
drug_morgan_0755,0.0
drug_morgan_0754,0.0
drug_morgan_0753,0.0
drug_morgan_0751,0.0
drug_morgan_0342,0.0
drug_morgan_0749,0.0
drug_morgan_0748,0.0
drug_morgan_0746,0.0
drug_morgan_0744,0.0
drug_morgan_0743,0.0
drug_morgan_0742,0.0
drug_morgan_0741,0.0
drug_morgan_0740,0.0
drug_morgan_0737,0.0
drug_morgan_0736,0.0
drug_morgan_0735,0.0
drug_morgan_0734,0.0
drug_morgan_0733,0.0
drug_morgan_0731,0.0
drug_morgan_0701,0.0
drug_morgan_0358,0.0
drug_morgan_0698,0.0
drug_morgan_0697,0.0
drug_morgan_0666,0.0
drug_morgan_0665,0.0
drug_morgan_0664,0.0
drug_morgan_0663,0.0
drug_morgan_0662,0.0
drug_morgan_0661,0.0
drug_morgan_0660,0.0
drug_morgan_0659,0.0
drug_morgan_0658,0.0
drug_morgan_0655,0.0
drug_morgan_0654,0.0
drug_morgan_0653,0.0
drug_morgan_0370,0.0
drug_morgan_0651,0.0
drug_morgan_0649,0.0
drug_morgan_0648,0.0
drug_morgan_0647,0.0
drug_morgan_0646,0.0
drug_morgan_0372,0.0
drug_morgan_0373,0.0
drug_morgan_0643,0.0
drug_morgan_0668,0.0
drug_morgan_0669,0.0
drug_morgan_0670,0.0
drug_morgan_0362,0.0
drug_morgan_0696,0.0
drug_morgan_0359,0.0
drug_morgan_0360,0.0
drug_morgan_0693,0.0
drug_morgan_0691,0.0
drug_morgan_0690,0.0
drug_morgan_0687,0.0
drug_morgan_0686,0.0
drug_morgan_0685,0.0
drug_morgan_0682,0.0
drug_morgan_0671,0.0
drug_morgan_0681,0.0
drug_morgan_0364,0.0
drug_morgan_0365,0.0
drug_morgan_0678,0.0
drug_morgan_0676,0.0
drug_morgan_0675,0.0
drug_morgan_0367,0.0
drug_morgan_0368,0.0
drug_morgan_0672,0.0
drug_morgan_0758,0.0
drug_morgan_0341,0.0
drug_morgan_0760,0.0
drug_morgan_0815,0.0
drug_morgan_0842,0.0
drug_morgan_0840,0.0
drug_morgan_0839,0.0
drug_morgan_0838,0.0
drug_morgan_0837,0.0
drug_morgan_0328,0.0
drug_morgan_0833,0.0
drug_morgan_0832,0.0
drug_morgan_0330,0.0
drug_morgan_0830,0.0
drug_morgan_0829,0.0
drug_morgan_0828,0.0
drug_morgan_0826,0.0
drug_morgan_0825,0.0
drug_morgan_0824,0.0
drug_morgan_0823,0.0
drug_morgan_0822,0.0
drug_morgan_0821,0.0
drug_morgan_0332,0.0
drug_morgan_0818,0.0
drug_morgan_0817,0.0
drug_morgan_0844,0.0
drug_morgan_0845,0.0
drug_morgan_0846,0.0
drug_morgan_0858,0.0
drug_morgan_0867,0.0
drug_morgan_0866,0.0
drug_morgan_0324,0.0
drug_morgan_0864,0.0
drug_morgan_0863,0.0
drug_morgan_0862,0.0
drug_morgan_0861,0.0
drug_morgan_0860,0.0
drug_morgan_0859,0.0
drug_morgan_0857,0.0
drug_morgan_0325,0.0
drug_morgan_0856,0.0
drug_morgan_0855,0.0
drug_morgan_0854,0.0
drug_morgan_0853,0.0
drug_morgan_0852,0.0
drug_morgan_0851,0.0
drug_morgan_0850,0.0
drug_morgan_0849,0.0
drug_morgan_0848,0.0
drug_morgan_0333,0.0
drug_morgan_0814,0.0
drug_morgan_0761,0.0
drug_morgan_0813,0.0
drug_morgan_0783,0.0
drug_morgan_0782,0.0
drug_morgan_0781,0.0
drug_morgan_0338,0.0
drug_morgan_0779,0.0
drug_morgan_0778,0.0
drug_morgan_0777,0.0
drug_morgan_0776,0.0
drug_morgan_0774,0.0
drug_morgan_0773,0.0
drug_morgan_0772,0.0
drug_morgan_0340,0.0
drug_morgan_0770,0.0
drug_morgan_0769,0.0
drug_morgan_0768,0.0
drug_morgan_0767,0.0
drug_morgan_0766,0.0
drug_morgan_0765,0.0
drug_morgan_0764,0.0
drug_morgan_0763,0.0
drug_morgan_0762,0.0
drug_morgan_0784,0.0
drug_morgan_0785,0.0
drug_morgan_0786,0.0
drug_morgan_0803,0.0
drug_morgan_0812,0.0
drug_morgan_0811,0.0
drug_morgan_0810,0.0
drug_morgan_0809,0.0
drug_morgan_0808,0.0
drug_morgan_0334,0.0
drug_morgan_0335,0.0
drug_morgan_0805,0.0
drug_morgan_0804,0.0
drug_morgan_0801,0.0
drug_morgan_0337,0.0
drug_morgan_0799,0.0
drug_morgan_0797,0.0
drug_morgan_0796,0.0
drug_morgan_0795,0.0
drug_morgan_0794,0.0
drug_morgan_0793,0.0
drug_morgan_0792,0.0
drug_morgan_0789,0.0
drug_morgan_0788,0.0
drug_morgan_0642,0.0
drug_morgan_0639,0.0
drug_morgan_0869,0.0
drug_morgan_0500,0.0
drug_morgan_0496,0.0
drug_morgan_0495,0.0
drug_morgan_0494,0.0
drug_morgan_0493,0.0
drug_morgan_0492,0.0
drug_morgan_0401,0.0
drug_morgan_0490,0.0
drug_morgan_0488,0.0
drug_morgan_0487,0.0
drug_morgan_0403,0.0
drug_morgan_0483,0.0
drug_morgan_0482,0.0
drug_morgan_0481,0.0
drug_morgan_0480,0.0
drug_morgan_0479,0.0
drug_morgan_0478,0.0
drug_morgan_0405,0.0
drug_morgan_0476,0.0
drug_morgan_0475,0.0
drug_morgan_0474,0.0
drug_morgan_0473,0.0
drug_morgan_0498,0.0
drug_morgan_0501,0.0
drug_morgan_0374,0.0
drug_morgan_0502,0.0
drug_morgan_0524,0.0
drug_morgan_0397,0.0
drug_morgan_0522,0.0
drug_morgan_0398,0.0
drug_morgan_0520,0.0
drug_morgan_0519,0.0
drug_morgan_0518,0.0
drug_morgan_0517,0.0
drug_morgan_0516,0.0
drug_morgan_0515,0.0
drug_morgan_0399,0.0
drug_morgan_0513,0.0
drug_morgan_0512,0.0
drug_morgan_0511,0.0
drug_morgan_0510,0.0
drug_morgan_0509,0.0
drug_morgan_0508,0.0
drug_morgan_0507,0.0
drug_morgan_0506,0.0
drug_morgan_0504,0.0
drug_morgan_0503,0.0
drug_morgan_0406,0.0
drug_morgan_0471,0.0
drug_morgan_0470,0.0
drug_morgan_0469,0.0
drug_morgan_0442,0.0
drug_morgan_0411,0.0
drug_morgan_0440,0.0
drug_morgan_0439,0.0
drug_morgan_0438,0.0
drug_morgan_0437,0.0
drug_morgan_0436,0.0
drug_morgan_0435,0.0
drug_morgan_0434,0.0
drug_morgan_0413,0.0
drug_morgan_0432,0.0
drug_morgan_0431,0.0
drug_morgan_0414,0.0
drug_morgan_0429,0.0
drug_morgan_0427,0.0
drug_morgan_0426,0.0
drug_morgan_0415,0.0
drug_morgan_0423,0.0
drug_morgan_0422,0.0
drug_morgan_0421,0.0
drug_morgan_0420,0.0
drug_morgan_0443,0.0
drug_morgan_0444,0.0
drug_morgan_0445,0.0
drug_morgan_0458,0.0
drug_morgan_0468,0.0
drug_morgan_0467,0.0
drug_morgan_0466,0.0
drug_morgan_0408,0.0
drug_morgan_0463,0.0
drug_morgan_0462,0.0
drug_morgan_0461,0.0
drug_morgan_0460,0.0
drug_morgan_0459,0.0
drug_morgan_0457,0.0
drug_morgan_0410,0.0
drug_morgan_0456,0.0
drug_morgan_0455,0.0
drug_morgan_0454,0.0
drug_morgan_0453,0.0
drug_morgan_0452,0.0
drug_morgan_0451,0.0
drug_morgan_0450,0.0
drug_morgan_0409,0.0
drug_morgan_0447,0.0
drug_morgan_0525,0.0
drug_morgan_0527,0.0
drug_morgan_0528,0.0
drug_morgan_0584,0.0
drug_morgan_0611,0.0
drug_morgan_0610,0.0
drug_morgan_0608,0.0
drug_morgan_0607,0.0
drug_morgan_0605,0.0
drug_morgan_0604,0.0
drug_morgan_0602,0.0
drug_morgan_0382,0.0
drug_morgan_0600,0.0
drug_morgan_0599,0.0
drug_morgan_0598,0.0
drug_morgan_0596,0.0
drug_morgan_0595,0.0
drug_morgan_0384,0.0
drug_morgan_0593,0.0
drug_morgan_0385,0.0
drug_morgan_0591,0.0
drug_morgan_0590,0.0
drug_morgan_0589,0.0
drug_morgan_0588,0.0
drug_morgan_0586,0.0
drug_morgan_0379,0.0
drug_morgan_0613,0.0
drug_morgan_0614,0.0
drug_morgan_0627,0.0
drug_morgan_0637,0.0
drug_morgan_0636,0.0
drug_morgan_0635,0.0
drug_morgan_0634,0.0
drug_morgan_0633,0.0
drug_morgan_0632,0.0
drug_morgan_0631,0.0
drug_morgan_0630,0.0
drug_morgan_0628,0.0
drug_morgan_0626,0.0
drug_morgan_0615,0.0
drug_morgan_0625,0.0
drug_morgan_0375,0.0
drug_morgan_0376,0.0
drug_morgan_0622,0.0
drug_morgan_0621,0.0
drug_morgan_0619,0.0
drug_morgan_0377,0.0
drug_morgan_0617,0.0
drug_morgan_0616,0.0
drug_morgan_0585,0.0
drug_morgan_0581,0.0
drug_morgan_0529,0.0
drug_morgan_0386,0.0
drug_morgan_0552,0.0
drug_morgan_0394,0.0
drug_morgan_0550,0.0
drug_morgan_0549,0.0
drug_morgan_0548,0.0
drug_morgan_0547,0.0
drug_morgan_0546,0.0
drug_morgan_0545,0.0
drug_morgan_0395,0.0
drug_morgan_0543,0.0
drug_morgan_0542,0.0
drug_morgan_0539,0.0
drug_morgan_0538,0.0
drug_morgan_0537,0.0
drug_morgan_0536,0.0
drug_morgan_0535,0.0
drug_morgan_0534,0.0
drug_morgan_0533,0.0
drug_morgan_0532,0.0
drug_morgan_0396,0.0
drug_morgan_0530,0.0
drug_morgan_0553,0.0
drug_morgan_0554,0.0
drug_morgan_0555,0.0
drug_morgan_0569,0.0
drug_morgan_0579,0.0
drug_morgan_0578,0.0
drug_morgan_0577,0.0
drug_morgan_0575,0.0
drug_morgan_0574,0.0
drug_morgan_0573,0.0
drug_morgan_0572,0.0
drug_morgan_0571,0.0
drug_morgan_0570,0.0
drug_morgan_0568,0.0
drug_morgan_0393,0.0
drug_morgan_0567,0.0
drug_morgan_0566,0.0
drug_morgan_0387,0.0
drug_morgan_0563,0.0
drug_morgan_0388,0.0
drug_morgan_0390,0.0
drug_morgan_0391,0.0
drug_morgan_0559,0.0
drug_morgan_0557,0.0
drug_morgan_0868,0.0
drug_morgan_0870,0.0
drug_morgan_1328,0.0
drug_morgan_1187,0.0
drug_morgan_1185,0.0
drug_morgan_1184,0.0
drug_morgan_1183,0.0
drug_morgan_0253,0.0
drug_morgan_0254,0.0
drug_morgan_1180,0.0
drug_morgan_1179,0.0
drug_morgan_1178,0.0
drug_morgan_1177,0.0
drug_morgan_1176,0.0
drug_morgan_1174,0.0
drug_morgan_1172,0.0
drug_morgan_0256,0.0
drug_morgan_1170,0.0
drug_morgan_1168,0.0
drug_morgan_1167,0.0
drug_morgan_1166,0.0
drug_morgan_1165,0.0
drug_morgan_0257,0.0
drug_morgan_1162,0.0
drug_morgan_1161,0.0
drug_morgan_1186,0.0
drug_morgan_1188,0.0
drug_morgan_1103,0.0
drug_morgan_1189,0.0
drug_morgan_1212,0.0
drug_morgan_1211,0.0
drug_morgan_1210,0.0
drug_morgan_1209,0.0
drug_morgan_0248,0.0
drug_morgan_1207,0.0
drug_morgan_1206,0.0
drug_morgan_1205,0.0
drug_morgan_1204,0.0
drug_morgan_1203,0.0
drug_morgan_1202,0.0
drug_morgan_1201,0.0
drug_morgan_1200,0.0
drug_morgan_1198,0.0
drug_morgan_1197,0.0
drug_morgan_1195,0.0
drug_morgan_1194,0.0
drug_morgan_1193,0.0
drug_morgan_1192,0.0
drug_morgan_1191,0.0
drug_morgan_0250,0.0
drug_morgan_1159,0.0
drug_morgan_1158,0.0
drug_morgan_1157,0.0
drug_morgan_1156,0.0
drug_morgan_0266,0.0
drug_morgan_1124,0.0
drug_morgan_1123,0.0
drug_morgan_0269,0.0
drug_morgan_1121,0.0
drug_morgan_1120,0.0
drug_morgan_1119,0.0
drug_morgan_1118,0.0
drug_morgan_1117,0.0
drug_morgan_1116,0.0
drug_morgan_1115,0.0
drug_morgan_0270,0.0
drug_morgan_1113,0.0
drug_morgan_1112,0.0
drug_morgan_1111,0.0
drug_morgan_1110,0.0
drug_morgan_1109,0.0
drug_morgan_1108,0.0
drug_morgan_1107,0.0
drug_morgan_1106,0.0
drug_morgan_0273,0.0
drug_morgan_1127,0.0
drug_morgan_1128,0.0
drug_morgan_1129,0.0
drug_morgan_1142,0.0
drug_morgan_1155,0.0
drug_morgan_0258,0.0
drug_morgan_0260,0.0
drug_morgan_1151,0.0
drug_morgan_1149,0.0
drug_morgan_1148,0.0
drug_morgan_1146,0.0
drug_morgan_0262,0.0
drug_morgan_1144,0.0
drug_morgan_1140,0.0
drug_morgan_1130,0.0
drug_morgan_0264,0.0
drug_morgan_1138,0.0
drug_morgan_1137,0.0
drug_morgan_1136,0.0
drug_morgan_0265,0.0
drug_morgan_1134,0.0
drug_morgan_1133,0.0
drug_morgan_1132,0.0
drug_morgan_1131,0.0
drug_morgan_0247,0.0
drug_morgan_1214,0.0
drug_morgan_1215,0.0
drug_morgan_1275,0.0
drug_morgan_1300,0.0
drug_morgan_1299,0.0
drug_morgan_1298,0.0
drug_morgan_1297,0.0
drug_morgan_1296,0.0
drug_morgan_0225,0.0
drug_morgan_1294,0.0
drug_morgan_1293,0.0
drug_morgan_0226,0.0
drug_morgan_1290,0.0
drug_morgan_1289,0.0
drug_morgan_0228,0.0
drug_morgan_1286,0.0
drug_morgan_1285,0.0
drug_morgan_1284,0.0
drug_morgan_1283,0.0
drug_morgan_0230,0.0
drug_morgan_1281,0.0
drug_morgan_1280,0.0
drug_morgan_0232,0.0
drug_morgan_1278,0.0
drug_morgan_0224,0.0
drug_morgan_1303,0.0
drug_morgan_1304,0.0
drug_morgan_1317,0.0
drug_morgan_1327,0.0
drug_morgan_1326,0.0
drug_morgan_0219,0.0
drug_morgan_1324,0.0
drug_morgan_1323,0.0
drug_morgan_1322,0.0
drug_morgan_1320,0.0
drug_morgan_1319,0.0
drug_morgan_1318,0.0
drug_morgan_1316,0.0
drug_morgan_1305,0.0
drug_morgan_1314,0.0
drug_morgan_0220,0.0
drug_morgan_0221,0.0
drug_morgan_1311,0.0
drug_morgan_1310,0.0
drug_morgan_1309,0.0
drug_morgan_0223,0.0
drug_morgan_1307,0.0
drug_morgan_1306,0.0
drug_morgan_1276,0.0
drug_morgan_0234,0.0
drug_morgan_1216,0.0
drug_morgan_1273,0.0
drug_morgan_1244,0.0
drug_morgan_1242,0.0
drug_morgan_1241,0.0
drug_morgan_0241,0.0
drug_morgan_1239,0.0
drug_morgan_1237,0.0
drug_morgan_1235,0.0
drug_morgan_0242,0.0
drug_morgan_0243,0.0
drug_morgan_1231,0.0
drug_morgan_1230,0.0
drug_morgan_1229,0.0
drug_morgan_1228,0.0
drug_morgan_1227,0.0
drug_morgan_1226,0.0
drug_morgan_1223,0.0
drug_morgan_1222,0.0
drug_morgan_0245,0.0
drug_morgan_1220,0.0
drug_morgan_1219,0.0
drug_morgan_1218,0.0
drug_morgan_1245,0.0
drug_morgan_1246,0.0
drug_morgan_1247,0.0
drug_morgan_1260,0.0
drug_morgan_1271,0.0
drug_morgan_0235,0.0
drug_morgan_1269,0.0
drug_morgan_0416,0.0
drug_morgan_1266,0.0
drug_morgan_1264,0.0
drug_morgan_1263,0.0
drug_morgan_0238,0.0
drug_morgan_0239,0.0
drug_morgan_1259,0.0
drug_morgan_1248,0.0
drug_morgan_1258,0.0
drug_morgan_1257,0.0
drug_morgan_1255,0.0
drug_morgan_1254,0.0
drug_morgan_1253,0.0
drug_morgan_0240,0.0
drug_morgan_1251,0.0
drug_morgan_1250,0.0
drug_morgan_1249,0.0
drug_morgan_1104,0.0
drug_morgan_1102,0.0
drug_morgan_0871,0.0
drug_morgan_0300,0.0
drug_morgan_0953,0.0
drug_morgan_0952,0.0
drug_morgan_0951,0.0
drug_morgan_0301,0.0
drug_morgan_0949,0.0
drug_morgan_0946,0.0
drug_morgan_0945,0.0
drug_morgan_0302,0.0
drug_morgan_0943,0.0
drug_morgan_0942,0.0
drug_morgan_0303,0.0
drug_morgan_0304,0.0
drug_morgan_0939,0.0
drug_morgan_0938,0.0
drug_morgan_0937,0.0
drug_morgan_0305,0.0
drug_morgan_0306,0.0
drug_morgan_0933,0.0
drug_morgan_0307,0.0
drug_morgan_0308,0.0
drug_morgan_0930,0.0
drug_morgan_0954,0.0
drug_morgan_0956,0.0
drug_morgan_0274,0.0
drug_morgan_0957,0.0
drug_morgan_0986,0.0
drug_morgan_0985,0.0
drug_morgan_0984,0.0
drug_morgan_0983,0.0
drug_morgan_0982,0.0
drug_morgan_0979,0.0
drug_morgan_0978,0.0
drug_morgan_0977,0.0
drug_morgan_0976,0.0
drug_morgan_0975,0.0
drug_morgan_0973,0.0
drug_morgan_0972,0.0
drug_morgan_0970,0.0
drug_morgan_0967,0.0
drug_morgan_0965,0.0
drug_morgan_0964,0.0
drug_morgan_0963,0.0
drug_morgan_0962,0.0
drug_morgan_0299,0.0
drug_morgan_0960,0.0
drug_morgan_0958,0.0
drug_morgan_0929,0.0
drug_morgan_0928,0.0
drug_morgan_0311,0.0
drug_morgan_0925,0.0
drug_morgan_0898,0.0
drug_morgan_0896,0.0
drug_morgan_0895,0.0
drug_morgan_0894,0.0
drug_morgan_0893,0.0
drug_morgan_0317,0.0
drug_morgan_0891,0.0
drug_morgan_0318,0.0
drug_morgan_0889,0.0
drug_morgan_0888,0.0
drug_morgan_0887,0.0
drug_morgan_0885,0.0
drug_morgan_0884,0.0
drug_morgan_0883,0.0
drug_morgan_0880,0.0
drug_morgan_0320,0.0
drug_morgan_0877,0.0
drug_morgan_0876,0.0
drug_morgan_0874,0.0
drug_morgan_0873,0.0
drug_morgan_0872,0.0
drug_morgan_0316,0.0
drug_morgan_0900,0.0
drug_morgan_0902,0.0
drug_morgan_0312,0.0
drug_morgan_0924,0.0
drug_morgan_0923,0.0
drug_morgan_0922,0.0
drug_morgan_0921,0.0
drug_morgan_0920,0.0
drug_morgan_0919,0.0
drug_morgan_0918,0.0
drug_morgan_0917,0.0
drug_morgan_0916,0.0
drug_morgan_0914,0.0
drug_morgan_0903,0.0
drug_morgan_0912,0.0
drug_morgan_0313,0.0
drug_morgan_0910,0.0
drug_morgan_0909,0.0
drug_morgan_0908,0.0
drug_morgan_0907,0.0
drug_morgan_0906,0.0
drug_morgan_0905,0.0
drug_morgan_0904,0.0
drug_morgan_0987,0.0
drug_morgan_0988,0.0
drug_morgan_0989,0.0
drug_morgan_1046,0.0
drug_morgan_1073,0.0
drug_morgan_1072,0.0
drug_morgan_1070,0.0
drug_morgan_1069,0.0
drug_morgan_1068,0.0
drug_morgan_1067,0.0
drug_morgan_0282,0.0
drug_morgan_1065,0.0
drug_morgan_1064,0.0
drug_morgan_1063,0.0
drug_morgan_1062,0.0
drug_morgan_1061,0.0
drug_morgan_1059,0.0
drug_morgan_0000,0.0
drug_morgan_1054,0.0
drug_morgan_1053,0.0
drug_morgan_1052,0.0
drug_morgan_1051,0.0
drug_morgan_0284,0.0
drug_morgan_1049,0.0
drug_morgan_1048,0.0
drug_morgan_1074,0.0
drug_morgan_1075,0.0
drug_morgan_1076,0.0
drug_morgan_0277,0.0
drug_morgan_1100,0.0
drug_morgan_0275,0.0
drug_morgan_0276,0.0
drug_morgan_1094,0.0
drug_morgan_1093,0.0
drug_morgan_1092,0.0
drug_morgan_1091,0.0
drug_morgan_1090,0.0
drug_morgan_1089,0.0
drug_morgan_1087,0.0
drug_morgan_0280,0.0
drug_morgan_1086,0.0
drug_morgan_1085,0.0
drug_morgan_1084,0.0
drug_morgan_0278,0.0
drug_morgan_0279,0.0
drug_morgan_1081,0.0
drug_morgan_1080,0.0
drug_morgan_1079,0.0
drug_morgan_1078,0.0
drug_morgan_0285,0.0
drug_morgan_0286,0.0
drug_morgan_0296,0.0
drug_morgan_0287,0.0
drug_morgan_1016,0.0
drug_morgan_1015,0.0
drug_morgan_0295,0.0
drug_morgan_1013,0.0
drug_morgan_1012,0.0
drug_morgan_1011,0.0
drug_morgan_1010,0.0
drug_morgan_1008,0.0
drug_morgan_1007,0.0
drug_morgan_1006,0.0
drug_morgan_1005,0.0
drug_morgan_1003,0.0
drug_morgan_1002,0.0
drug_morgan_1001,0.0
drug_morgan_1000,0.0
drug_morgan_0999,0.0
drug_morgan_0998,0.0
drug_morgan_0997,0.0
drug_morgan_0996,0.0
drug_morgan_0994,0.0
drug_morgan_0993,0.0
drug_morgan_1018,0.0
drug_morgan_0293,0.0
drug_morgan_1020,0.0
drug_morgan_0288,0.0
drug_morgan_1043,0.0
drug_morgan_1042,0.0
drug_morgan_1040,0.0
drug_morgan_1039,0.0
drug_morgan_1038,0.0
drug_morgan_1037,0.0
drug_morgan_1036,0.0
drug_morgan_1035,0.0
drug_morgan_1034,0.0
drug_morgan_0290,0.0
drug_morgan_1021,0.0
drug_morgan_1031,0.0
drug_morgan_1030,0.0
drug_morgan_1029,0.0
drug_morgan_1027,0.0
drug_morgan_1026,0.0
drug_morgan_0292,0.0
drug_morgan_1024,0.0
drug_morgan_1023,0.0
drug_morgan_1022,0.0
drug_morgan_1058,0.0
